{"lr_logging": 0.001, "trainer/global_step": 4, "_timestamp": 1682707058.996856, "_runtime": 52.49615406990051, "_step": 13, "train_macro_acc_step_step": 0.0, "train_loss_step": 0.8788609504699707, "epoch": 0, "val_macro_acc_step_step": 0.5, "val_loss_step": 1.4021730422973633, "val_acc_step": 0.25, "val_macro_acc_step_epoch": 0.5, "val_loss_epoch": 1.0856348276138306, "val_acc_epoch": 0.25, "val_macro_acc_epoch": 0.5, "train_acc_step": 0.20000000298023224, "train_macro_acc_step_epoch": 0.5, "train_loss_epoch": 1.1993634700775146, "train_acc_epoch": 0.20000000298023224, "train_macro_acc_epoch": 0.5, "_wandb": {"runtime": 52}}