{"lr_logging": 0.001, "trainer/global_step": 6, "_timestamp": 1682706987.634227, "_runtime": 176.18633103370667, "_step": 52, "train_macro_acc_step_step": 0.5, "train_loss_step": 1.460874319076538, "epoch": 3, "val_macro_acc_step_step": 0.0, "val_loss_step": 0.7108650207519531, "val_acc_step": 0.25, "val_macro_acc_step_epoch": 0.5, "val_loss_epoch": 1.167067289352417, "val_acc_epoch": 0.25, "val_macro_acc_epoch": 0.5, "train_acc_step": 0.20000000298023224, "train_macro_acc_step_epoch": 0.5, "train_loss_epoch": 1.0659750699996948, "train_acc_epoch": 0.20000000298023224, "train_macro_acc_epoch": 0.5, "_wandb": {"runtime": 178}}